{
    "top1": 97.32704402515722,
    "top3": 99.52830188679245,
    "precision": 97.50225763436133
}