{
    "top1": 95.9119496855346,
    "top3": 99.68553459119497,
    "precision": 95.8347136727513
}