{
    "top1": 96.38364779874213,
    "top3": 99.68553459119497,
    "precision": 96.84801656207131
}