{
    "top1": 94.9685534591195,
    "top3": 99.52830188679245,
    "precision": 94.79185644688438
}