{
    "top1": 65.09146341463415,
    "top3": 91.92073170731707
}