{
    "top1": 85.37735849056604,
    "top3": 97.64150943396226,
    "precision": 85.40237281616592
}