{
    "top1": 85.36585365853658,
    "top3": 97.71341463414635
}