{
    "top1": 83.07926829268293,
    "top3": 96.79878048780488
}