{
    "top1": 81.5548780487805,
    "top3": 96.34146341463415
}