{
    "top1": 78.30188679245283,
    "top3": 96.0691823899371,
    "precision": 70.00635405246504
}