{
    "top1": 98.11320754716981,
    "top3": 100.0,
    "precision": 97.50386994530916
}