{
    "top1": 87.57861635220125,
    "top3": 97.16981132075472,
    "precision": 85.33247774390476
}