{
    "top1": 80.64024390243902,
    "top3": 97.10365853658537
}