{
    "top1": 40.25157232704403,
    "top3": 81.91823899371069,
    "precision": 36.11853561911276
}