{
    "top1": 67.76729559748428,
    "top3": 93.23899371069182,
    "precision": 61.966609998485545
}