{
    "top1": 85.37735849056604,
    "top3": 98.27044025157232,
    "precision": 81.09433575325048
}