{
    "top1": 83.9622641509434,
    "top3": 98.42767295597484,
    "precision": 80.66787407988681
}