{
    "top1": 82.46951219512195,
    "top3": 97.10365853658537
}