{
    "top1": 84.11949685534591,
    "top3": 97.64150943396226,
    "precision": 82.69486568016275
}