{
    "top1": 79.55974842767296,
    "top3": 96.22641509433963,
    "precision": 76.71443647163015
}