{
    "top1": 97.16981132075472,
    "top3": 99.68553459119497,
    "precision": 96.38502542348698
}